{
  "areiersnpseeltcr": {
    "averageWordLength": 5.216216216216216
  },
  "enslaciesrtsotes": {
    "averageWordLength": 5.1992409867172675
  },
  "pensrertetsjtlte": {
    "averageWordLength": 5.15
  },
  "vscaeqensirtareo": {
    "averageWordLength": 5.13215859030837
  },
  "stedeatftriebtsu": {
    "averageWordLength": 5.123626373626373
  },
  "tticerrejqstkien": {
    "averageWordLength": 5.10077519379845
  },
  "tiosnretetroesew": {
    "averageWordLength": 5.076411960132891
  },
  "entsoiesrtrepave": {
    "averageWordLength": 5.1469194312796205
  },
  "rssdretbgirsntet": {
    "averageWordLength": 5.118279569892473
  },
  "etponrtrreedxsva": {
    "averageWordLength": 5.1037344398340245
  },
  "qjfxircaetedtrst": {
    "averageWordLength": 5.096446700507614
  },
  "nstneeesmrteeblt": {
    "averageWordLength": 5.080188679245283
  },
  "aseentteheestpro": {
    "averageWordLength": 5.072992700729927
  },
  "needetrercsiasot": {
    "averageWordLength": 5.040677966101695
  },
  "asqotenraeievsrt": {
    "averageWordLength": 5.027863777089784
  },
  "toestrrtqesereas": {
    "averageWordLength": 5.248484848484848
  },
  "teenritserstbfer": {
    "averageWordLength": 5.244
  },
  "taocseristsdrelb": {
    "averageWordLength": 5.198895027624309
  },
  "serjneroetrerstf": {
    "averageWordLength": 5.169590643274854
  },
  "notiqerersvseote": {
    "averageWordLength": 5.132780082987552
  },
  "respqitotniseeev": {
    "averageWordLength": 5.129310344827586
  },
  "nisdtqteoecsaarz": {
    "averageWordLength": 5.095541401273885
  },
  "esaeemtrrsteurer": {
    "averageWordLength": 5.088803088803089
  },
  "bisrnetedrsvzeop": {
    "averageWordLength": 5.077586206896552
  },
  "tnolerespsssoern": {
    "averageWordLength": 5.067873303167421
  },
  "retseietrsrbthcf": {
    "averageWordLength": 5.057591623036649
  },
  "gdetcererarmsqbl": {
    "averageWordLength": 5.05188679245283
  },
  "nrseeneestitdsos": {
    "averageWordLength": 5.0344827586206895
  },
  "teremnseetttbset": {
    "averageWordLength": 5.024539877300613
  },
  "lltrieissrntsteb": {
    "averageWordLength": 5.215909090909091
  },
  "ltepssarretemwit": {
    "averageWordLength": 5.2125
  },
  "pesnetiorrsscaeo": {
    "averageWordLength": 5.192612137203167
  },
  "dtsieeessrttjnlm": {
    "averageWordLength": 5.184931506849315
  },
  "esliresnatlegbtm": {
    "averageWordLength": 5.126153846153846
  },
  "saoectrseeigdsnr": {
    "averageWordLength": 5.124605678233438
  },
  "oopeeenqttiedesr": {
    "averageWordLength": 5.103092783505154
  },
  "kneleitrsrsiathw": {
    "averageWordLength": 5.064615384615385
  },
  "stasdethtbreynrs": {
    "averageWordLength": 5.06425702811245
  },
  "dcioeseetrnsraiq": {
    "averageWordLength": 5.366925064599483
  },
  "srehetauittegnsb": {
    "averageWordLength": 5.284345047923322
  },
  "osnbeiteteresris": {
    "averageWordLength": 5.26241134751773
  },
  "oqstredwstreteso": {
    "averageWordLength": 5.259036144578313
  },
  "prejesnirntrtase": {
    "averageWordLength": 5.207951070336391
  },
  "xeitcnsorenttsse": {
    "averageWordLength": 5.203921568627451
  },
  "uorhpietnsrsieea": {
    "averageWordLength": 5.2
  },
  "rtsjaeredreipntm": {
    "averageWordLength": 5.195965417867435
  },
  "erstheerhtaiotqc": {
    "averageWordLength": 5.1923076923076925
  },
  "qottdeessrtelerw": {
    "averageWordLength": 5.176744186046512
  },
  "desufrrpeeoentst": {
    "averageWordLength": 5.170868347338936
  },
  "nasoiatsltneoers": {
    "averageWordLength": 5.17005076142132
  },
  "agnbreiesltrhsat": {
    "averageWordLength": 5.165755919854281
  },
  "baesurirosedittu": {
    "averageWordLength": 5.162907268170426
  },
  "uosuniretetpster": {
    "averageWordLength": 5.161290322580645
  },
  "eshriteertnnsait": {
    "averageWordLength": 5.1580381471389645
  },
  "qeetinrsoseenyst": {
    "averageWordLength": 5.14468085106383
  },
  "serasdntietujnrl": {
    "averageWordLength": 5.137037037037037
  },
  "cstspresloideser": {
    "averageWordLength": 5.124579124579125
  },
  "esdtreintrecrass": {
    "averageWordLength": 5.111111111111111
  },
  "ieinettssrreabgd": {
    "averageWordLength": 5.096774193548387
  },
  "amseouttstrlrees": {
    "averageWordLength": 5.0664206642066425
  },
  "bstaresrdeeoudah": {
    "averageWordLength": 5.046321525885559
  },
  "oaticeretcsrmion": {
    "averageWordLength": 5.023529411764706
  },
  "esinnnesettrubln": {
    "averageWordLength": 5.0120481927710845
  },
  "crplgjawxnsfotst": {
    "percentCommon": 76.52173913043478
  },
  "xxx": {
    "percentCommon": 45
  },
  "wyrneadsoretgbpo": {
    "percentCommon": 63.21070234113713
  },
  "odalmethsersnbod": {
    "percentCommon": 54.75
  },
  "milebosaawrttnet": {
    "percentCommon": 52.690582959641254
  },
  "xvihtwhawustitbh": {
    "percentCommon": 86
  },
  "goeybndcoqdkcunw": {
    "percentCommon": 85.18518518518519
  },
  "geobpnouqdowewmt": {
    "percentCommon": 82.71604938271605
  },
  "cfyunaiodhttalwt": {
    "percentCommon": 81.66666666666667
  },
  "sntiaieslpriseat": {
    "totalWords": 778
  },
  "itrssaeecpldtisl": {
    "totalWords": 760
  },
  "tesmlatecirsweno": {
    "totalWords": 754
  },
  "toneprdseaeastlm": {
    "totalWords": 733
  },
  "eserntrcaiathpse": {
    "totalWords": 730
  },
  "rpswioaentrmseci": {
    "totalWords": 729
  },
  "estedrnsaieastpg": {
    "totalWords": 710
  },
  "speduritosanites": {
    "totalWords": 709
  },
  "lshciaestdrpseab": {
    "totalWords": 709
  },
  "slteeeasprndsitg": {
    "totalWords": 708
  },
  "blesuiatndrsseet": {
    "totalWords": 700
  },
  "inossterhsamlirl": {
    "totalWords": 529
  },
  "osdrreanotehdlsp": {
    "totalWords": 516
  },
  "tsdmoeaootrneesg": {
    "totalWords": 505
  },
  "bdrsaenutesonalt": {
    "totalWords": 496
  },
  "upesmlarsitohsrb": {
    "totalWords": 492
  },
  "sthfenalbreeutss": {
    "totalWords": 487
  },
  "nitodehcseasepra": {
    "totalWords": 482
  },
  "aesidtlsneiawvrb": {
    "totalWords": 473
  },
  "soeetrpsyiammlio": {
    "totalWords": 469
  },
  "elsniteduresacoh": {
    "totalWords": 468
  },
  "sotsdarerieeubsl": {
    "totalWords": 466
  },
  "etrsseeldinhmats": {
    "totalWords": 466
  },
  "ebraercntaetsils": {
    "totalWords": 465
  },
  "ptalnaesseriutar": {
    "totalWords": 461
  },
  "iouwnctesealrrdb": {
    "totalWords": 460
  },
  "mpceooellradeset": {
    "totalWords": 456
  },
  "besotelertapinse": {
    "totalWords": 452
  },
  "ttmsnaelsrtebals": {
    "totalWords": 451
  },
  "erovslatupisgnxt": {
    "totalWords": 448
  },
  "ttledesauortsmeh": {
    "totalWords": 445
  },
  "yrntsaewlesaatho": {
    "totalWords": 443
  },
  "bechsrnsteatmllh": {
    "totalWords": 442
  },
  "tetmniassedrlrea": {
    "totalWords": 442
  },
  "talcsemrinasstoy": {
    "totalWords": 441
  },
  "dlaoeislgnresfat": {
    "totalWords": 441
  },
  "gmlsaaosbrtedeit": {
    "totalWords": 439
  },
  "resxstealargifit": {
    "totalWords": 438
  },
  "rhtnsaesdewapoml": {
    "totalWords": 438
  },
  "dstngesatipewolf": {
    "totalWords": 437
  },
  "dsnlpeaihtryhwas": {
    "totalWords": 434
  },
  "lwisatoseromsled": {
    "totalWords": 431
  },
  "scasirtpoeentdnv": {
    "totalWords": 430
  },
  "seteraliretsswdo": {
    "totalWords": 428
  },
  "dnojielttasiingp": {
    "totalWords": 427
  },
  "iesmrtauenlhslai": {
    "totalWords": 426
  },
  "depvuarintesqsaw": {
    "totalWords": 426
  },
  "horpsisemtdeeaon": {
    "totalWords": 426
  },
  "isplhragetejesit": {
    "totalWords": 425
  },
  "pnhhsasenetidera": {
    "totalWords": 425
  },
  "hpepoaieltnlseat": {
    "totalWords": 424
  },
  "slreettesarswoip": {
    "totalWords": 423
  },
  "tkosdeshratlmols": {
    "totalWords": 423
  },
  "sthsmaegdeleytsa": {
    "totalWords": 422
  },
  "eliistaseintarab": {
    "totalWords": 422
  },
  "adesndlaiaeirsto": {
    "totalWords": 421
  },
  "mbilailhsetartri": {
    "totalWords": 421
  },