{
  "sedennrlieoirasstagercbod": {
    "averageWordLength": 5.160693641618497,
    "percentCommon": 48.092485549132945,
    "totalWords": 865
  },
  "eedrppneiidmstwiaoaherboc": {
    "averageWordLength": 4.7173652694610775,
    "percentCommon": 50.41916167664671,
    "totalWords": 835
  },
  "gendittperisarnsneliemkte": {
    "averageWordLength": 5.085470085470085,
    "percentCommon": 43.956043956043956,
    "totalWords": 819
  },
  "rvpitasaromiteblldsleearo": {
    "averageWordLength": 4.820672478206725,
    "percentCommon": 48.567870485678704,
    "totalWords": 803
  },
  "mndctjimainerehdspoteesao": {
    "averageWordLength": 4.894736842105263,
    "percentCommon": 46.49122807017544,
    "totalWords": 798
  },
  "nmotsuadnhitiercsalsoonbe": {
    "averageWordLength": 4.982300884955753,
    "percentCommon": 46.396965865992414,
    "totalWords": 791
  },
  "tstylooetbsrngfaioesdtsmr": {
    "averageWordLength": 5.122448979591836,
    "percentCommon": 41.07142857142857,
    "totalWords": 784
  },
  "dielreeasefntrsyseojeonfy": {
    "averageWordLength": 5.148527528809219,
    "percentCommon": 45.58258642765685,
    "totalWords": 781
  },
  "hteablsrmeetiepusealorrun": {
    "averageWordLength": 5.178294573643411,
    "percentCommon": 41.08527131782946,
    "totalWords": 774
  },
  "rhisnzrdpcsematdetrtenase": {
    "averageWordLength": 5.06355382619974,
    "percentCommon": 49.286640726329445,
    "totalWords": 771
  },
  "sarbpmseorrtslotraeegisnd": {
    "averageWordLength": 5.0585175552665795,
    "percentCommon": 43.69310793237972,
    "totalWords": 769
  },
  "flaisspnthigreeoeasizelnt": {
    "averageWordLength": 5.131339401820546,
    "percentCommon": 47.854356306892065,
    "totalWords": 769
  },
  "bosaneaminagretleswerpnnr": {
    "averageWordLength": 4.908972691807542,
    "percentCommon": 41.352405721716515,
    "totalWords": 769
  },
  "ndtahuseaktlrpdieoeayotcm": {
    "averageWordLength": 4.922976501305483,
    "percentCommon": 44.516971279373365,
    "totalWords": 766
  },
  "sspsliaioetnrarsetothuaoz": {
    "averageWordLength": 4.964751958224543,
    "percentCommon": 44.778067885117494,
    "totalWords": 766
  },
  "oaasbsttpoonirydcatnsdepa": {
    "averageWordLength": 5.026109660574413,
    "percentCommon": 47.127937336814625,
    "totalWords": 766
  },
  "rldedicesneatiersareeftqg": {
    "averageWordLength": 5.266398929049531,
    "percentCommon": 46.85408299866131,
    "totalWords": 747
  },
  "ntqpmmdestleitusgaroicdpe": {
    "averageWordLength": 4.864429530201343,
    "percentCommon": 48.053691275167786,
    "totalWords": 745
  },
  "jiantopdattipenntroseadew": {
    "averageWordLength": 4.866035182679297,
    "percentCommon": 46.9553450608931,
    "totalWords": 739
  },
  "gosabdnetetirfesaotayntpe": {
    "averageWordLength": 4.7806539509536785,
    "percentCommon": 51.089918256130794,
    "totalWords": 734
  },
  "dntsgreaiinlncieisoieertk": {
    "averageWordLength": 5.0953678474114446,
    "percentCommon": 44.822888283378745,
    "totalWords": 734
  },
  "sottuostaxilerereacnedsos": {
    "averageWordLength": 4.994535519125683,
    "percentCommon": 47.6775956284153,
    "totalWords": 732
  },
  "tonlasoakttmlsoaieoridnit": {
    "averageWordLength": 4.709016393442623,
    "percentCommon": 46.72131147540984,
    "totalWords": 732
  },
  "artlodeaaehspstooerdrybed": {
    "averageWordLength": 4.803009575923393,
    "percentCommon": 47.05882352941176,
    "totalWords": 731
  },
  "nedjoariartsntevaehsehreu": {
    "averageWordLength": 4.962861072902339,
    "percentCommon": 44.42916093535076,
    "totalWords": 727
  },
  "rsosomthitbealstrierseoid": {
    "averageWordLength": 5.165048543689321,
    "percentCommon": 45.76976421636616,
    "totalWords": 721
  },
  "oteaoiastprnietetsecztsrd": {
    "averageWordLength": 5.39221140472879,
    "percentCommon": 38.38664812239222,
    "totalWords": 719
  },
  "cyfourimessetafxndelerepd": {
    "averageWordLength": 5.0125173852573015,
    "percentCommon": 43.39360222531293,
    "totalWords": 719
  },
  "ienutrisarbtaemseolnhclcf": {
    "averageWordLength": 4.919220055710307,
    "percentCommon": 47.49303621169916,
    "totalWords": 718
  },
  "mneryrsialentpcotehfaakdr": {
    "averageWordLength": 5.098885793871866,
    "percentCommon": 47.910863509749305,
    "totalWords": 718
  },
  "tdeaagarkeectearsisnapodt": {
    "averageWordLength": 5.007052186177715,
    "percentCommon": 45.41607898448519,
    "totalWords": 709
  },
  "uapstesracdtnieeiotlcszyd": {
    "averageWordLength": 4.92524682651622,
    "percentCommon": 48.37799717912553,
    "totalWords": 709
  },
  "vbeianedrssransutopoalasa": {
    "averageWordLength": 4.754261363636363,
    "percentCommon": 50,
    "totalWords": 704
  },
  "dntenserrotidtlegaesbrsee": {
    "averageWordLength": 4.935988620199146,
    "percentCommon": 46.514935988620195,
    "totalWords": 703
  },
  "nutsamiyedzarrelegshcatit": {
    "averageWordLength": 4.727920227920228,
    "percentCommon": 48.00569800569801,
    "totalWords": 702
  },
  "jsntopoeiscedaaeslororaer": {
    "averageWordLength": 4.626074498567335,
    "percentCommon": 48.42406876790831,
    "totalWords": 698
  },
  "rrnereniarustslpsuesierjt": {
    "averageWordLength": 5.275862068965517,
    "percentCommon": 41.235632183908045,
    "totalWords": 696
  },
  "seteuwhbsdeotiglrrenaeaop": {
    "averageWordLength": 4.864161849710983,
    "percentCommon": 51.445086705202314,
    "totalWords": 692
  },
  "dksitotederrsipataloeerel": {
    "averageWordLength": 5.138929088277858,
    "percentCommon": 42.83646888567294,
    "totalWords": 691
  },
  "ayougeetoasnrtsgxaiesinda": {
    "averageWordLength": 4.871014492753623,
    "percentCommon": 45.507246376811594,
    "totalWords": 690
  },
  "prerztadetsectrdinhslusgo": {
    "averageWordLength": 4.986666666666666,
    "percentCommon": 52,
    "totalWords": 675
  },
  "ithfztodeornereupaisetrtn": {
    "averageWordLength": 4.893175074183977,
    "percentCommon": 49.25816023738873,
    "totalWords": 674
  }
}