{
  "stmnhsarlhbfhlit": 78.37837837837837,
  "ctvoevntbehistmf": 77.98165137614679,
  "cjelpntgnfihdtsr": 77.77777777777779,
  "ihtrhwanloocfovt": 77.67857142857143,
  "rmdqlnoeeoeltfno": 77.66990291262135,
  "dmneeovetmkoanye": 77.66990291262135,
  "trtpvbamthvnsiow": 77.57009345794393,
  "rwcrgodbntymvest": 77.51937984496125,
  "ionilfattbrmhtpt": 77.45098039215686,
  "nwohgodfrtolurnm": 77.34375,
  "faobartothmduulr": 77.22772277227723,
  "evboeintgelecfuu": 77,
  "gbfadandlmttoiee": 76.85950413223141,
  "eltlmtowncafntld": 76.69902912621359,
  "pmlvatentdhepvol": 76.52173913043478,
  "kecrbngowhotlutm": 76.47058823529412,
  "htedambspnttmsrz": 76.23762376237624,
  "rmaddizhtlipoteb": 76.23762376237624,
  "mwdgepowtonjdemh": 76.03305785123968,
  "ecnkodevrooenint": 76.03305785123968,
  "tofewextdnmurozd": 76,
  "bcotpwarliwhttnm": 76,
  "gbefnepgtetoluur": 75.96153846153845,
  "wrcaevmpnatnrtbs": 75.92592592592592,
  "ntmzgorwnofaltot": 75.80645161290323,
  "rnmlwoovttdseodh": 75.78125,
  "kjdwnsnntadqcrts": 75.72815533980582,
  "ertrbedamhmfllwd": 75.72815533980582,
  "gmdikraowcewtzii": 75.72815533980582,
  "ndhcyapbothwredi": 75.70093457943925,
  "yedbuewosvnksthn": 75.49019607843137,
  "terfdoeuwoortzmr": 75.47169811320755,
  "betcnigxlentwtfh": 75.45454545454545,
  "nolxuopwtbdtmaoe": 75.45454545454545,
  "bgrtnuomurontwfd": 75.38461538461539,
  "eetaatvkitonchiw": 75.24752475247524,
  "teomunitetgpephr": 75.24752475247524,
  "althoonieeftbrvi": 75.24752475247524,
  "ryogyafrrctgmelu": 75.22935779816514,
  "gitifooildrolone": 75.22123893805309,
  "ntwiheootndfocra": 75.21367521367522,
  "eoaahtofedryhhee": 75.20661157024794,
  "etmtpeanwbdchcvo": 75.1937984496124,
  "eodlcvtegunsntts": 75,
  "nyfoatildhmeyceb": 75,
  "fteemontovotthed": 75,
  "plkrremtwodwntot": 75,
  "vpdwfiomwuonnrte": 74.78260869565217,
  "fanarghnutothdon": 74.77477477477478,
  "wopmwsxensntlpao": 74.76635514018692,
  "iyemjachrtvlfsne": 74.75728155339806,
  "fotwtaolnadqtean": 74.75728155339806,
  "fbotdaenntvelqov": 74.75728155339806,
  "oftplolynrwogibi": 74.60317460317461,
  "nhnhrooeoodaretf": 74.57627118644068,
  "uvtoebinhfdltate": 74.57627118644068,
  "leohfnebrtihumvw": 74.52830188679245,
  "qletndnsrovyodwh": 74.52830188679245,
  "zeebtuntwohnrlef": 74.52830188679245,
  "heehhturtooeviad": 74.52830188679245,
  "hetopmvbrrastgcy": 74.4186046511628,
  "uavjetwmddontnre": 74.31192660550458,
  "rotainwttteozogn": 74.31192660550458,
  "ittraegdmadvfrtu": 74.31192660550458,
  "ukuydhnttioeeejw": 74.28571428571429,
  "twlesvmteajadtfm": 74.28571428571429,
  "uyopboletvnvailc": 74.28571428571429,
  "nfdaunottrwpitol": 74.28571428571429,
  "otnoeveuzlitiamf": 74.28571428571429,
  "nbadgntykihhsdid": 74.28571428571429,
  "nvmthnlpomeyldgt": 74.28571428571429,
  "hthuhrxecabitsae": 74.28571428571429,
  "hwmydhnatotrienk": 74.25742574257426,
  "dlhnfohenrohidto": 74.25742574257426,
  "oihanehtleoehtdn": 74.25742574257426,
  "tdlteboipwonrvfe": 74.21875,
  "ocolrndteajeouye": 74.19354838709677,
  "wslhgadtpdattsme": 74.16666666666667,
  "plrltotmnoarycwu": 74.13793103448276,
  "uronotmadgcebadn": 74.13793103448276,
  "iclhthbisatcngtl": 74.10714285714286,
  "unyutahoonpoysyr": 74.10714285714286,
  "ruxtofrnnoadtmaw": 74.07407407407408,
  "aelngowpfnotinvd": 74.03846153846155,
  "ercsgnldgtodnfor": 74.03846153846155,
  "airydfsqpnttlawu": 74,
  "drigmsfohndteeoa": 74,
  "enfiirdhoogtwnri": 74,
  "sszemjtwtravqxet": 74,
  "utixwgssbnacwltv": 74,
  "jtdmfrclpassydtg": 73.98373983739837,
  "prcenodmywonqnei": 73.98373983739837,
  "uleprtowgndaeitt": 73.97260273972603,
  "mheqarbeoaflvdut": 73.94957983193278,
  "erwtmdbphaontynt": 73.94957983193278,
  "vnrjlpamtsweewtq": 73.91304347826086,
  "tvealmytitondjip": 73.83177570093457,
  "izjseketednosvhd": 73.83177570093457,
  "tilrrfwngooudtey": 73.83177570093457,
  "tipmoxathdelwnte": 73.79310344827587,
  "dvtmtnranbelkmtw": 73.72881355932203,
  "vidheontotofnman": 73.68421052631578,
  "womvetvilioehnnk": 73.58490566037736,
  "tlljeihepnwtcthi": 73.58490566037736,
  "ynorgfioevdtwoon": 73.58490566037736,
  "rsdecwrepobnnego": 73.58490566037736,
  "eltmcgadeecptvtr": 73.52941176470588,
  "btcxedoruaacnnyf": 73.52941176470588,
  "hndjdmakhetzoiri": 73.52941176470588,
  "tarrxdckmowneret": 73.52941176470588,
  "eemtbleodtimnadf": 73.50427350427351,
  "agennttiipwetapu": 73.45132743362832,
  "lweedpebrafinswz": 73.45132743362832,
  "oepuurorbnwttiro": 73.45132743362832,
  "lotutwdngatmsyrp": 73.39449541284404,
  "vesndtbtmltaetof": 73.33333333333333,
  "tdveungtlhiroefb": 73.33333333333333,
  "etuotwosgolgando": 73.27586206896551,
  "isbalvnplteleeit": 73.26732673267327,
  "ahiwrpftrlaietox": 73.26732673267327,
  "knirntonxohremwt": 73.21428571428571,
  "lndttnomleowwdvp": 73.13432835820896,
  "urtnfaojiooenrtm": 73.10924369747899,
  "rosytponnuoetnhe": 73.10924369747899,
  "betngnirownkltrd": 73.07692307692307,
  "tvinybettudoeegp": 73.07692307692307,
  "oqehnfwheyaubetr": 73.07692307692307,
  "ehanueatbrvdfthi": 73.01587301587301,
  "eubootercpoerwqd": 72.97297297297297,
  "anylhytcgowdsnob": 72.95081967213115,
  "hteonnvttfadihme": 72.89719626168224,
  "odrnnacslmshtfrr": 72.88135593220339,
  "owaceftrentoxtgd": 72.81553398058253,
  "rtecyaihotawithf": 72.72727272727273,
  "lbaeedfrnamrntcd": 72.72727272727273,
  "yyrefqeogedtotnh": 72.54901960784314,
  "enyncrtratvlmehb": 72.54901960784314,
  "plehoevotmxspabn": 72.47706422018348,
  "utoaomtkrvnioeed": 72.32142857142857,
  "irtrwxoctasfbhnt": 72.22222222222221,
  "pcdioburdeothyea": 72.22222222222221,
  "iomitbrpuotgntew": 72.11538461538461,
  "ytnoeourawtftnpi": 72,
  "esyssacstvfteniz": 71.900826446281,
  "tenmewhailtbkvim": 71.84466019417476,
  "yfreoahmtnnjelda": 71.84466019417476,
  "lwydpaswsnlnvtme": 71.7741935483871,
  "vneayadttfihhylb": 71.69811320754717,
  "debnttormdneaatl": 71.63120567375887,
  "hortrmoatgndonta": 71.53846153846153,
  "sovndeowbcehtfqi": 71.42857142857143,
  "esacvfntnlecownz": 71.28712871287128,
  "zjvnrtomnocedpax": 71.28712871287128,
  "eawomdfoialthhee": 71.24183006535948,
  "ebltwfoivenhignd": 71.17117117117117,
  "vdsrtqathntpaswk": 71,
  "nahwenhtoguttdmp": 70.53571428571429,
}