{
  "lsdwteacnrptoadn": 59.01639344262295,
  "neeeplrbsaohnits": 56.20437956204379,
}