{
  "hfnurnwcutatxrzy": 88,
  "eenujxtotrofwioa": 87.6923076923077,
  "olvtceiaebhymhee": 86.56716417910447,
  "rmooonrtmopwnnnr": 86.53846153846155,
  "eljhdtrntfopmmrn": 84.61538461538461,
  "rneltbdohngzvfat": 84.61538461538461,
  "nwtthahitzymiugb": 84.31372549019608,
  "fdyawhhytahtohsd": 84.21052631578947,
  "hcttgdtypiaievhf": 84.05797101449275,
  "mgsjyftenaxldnhc": 84,
  "zwdvdgrfcoxunnot": 84,
  "husswoodeezeojoi": 84,
  "hwoorrmhnonnvtoa": 83.92857142857143,
  "tbgtcnirpiwhdfdt": 83.92857142857143,
  "haywnhpwiicvwotb": 83.92857142857143,
  "bkhlhvlnsvitsaem": 83.60655737704919,
  "vnnesqtonotexfdn": 83.60655737704919,
  "potuvrtlotvencbe": 83.33333333333334,
  "rtqowaotgfaencei": 83.33333333333334,
  "drhgtwtuxoiottns": 83.33333333333334,
  "itmenakrytnvdtpt": 83.33333333333334,
  "giiitbcrzogtnrdp": 83.33333333333334,
  "pattdvhinmcnnado": 83.33333333333334,
  "iqubhtevltvtodap": 83.33333333333334,
  "tanetgdtolfbzhra": 83.09859154929578,
  "twnpeetijtnlofdh": 83.05084745762711,
  "unajuspttsttldhi": 83.05084745762711,
  "htiwxpnoyuwttthv": 83.05084745762711,
  "cwehrohibgmyutfh": 83.01886792452831,
  "geetpqtloeifwoxt": 82.8125,
  "ymahahpdivntbeee": 82.8125,
  "zgtdingaowhptubv": 82.75862068965517,
  "netsnlnxfvowpbrd": 82.71604938271605,
  "rnotpueenvttbetf": 82.6923076923077,
  "tcttpadtsjnsmgsx": 82.6086956521739,
  "ttetmbdeenpnatgr": 82.53968253968253,
  "heeofeuiroeleodt": 82.43243243243244,
  "ttprnadjgkdeytun": 82.35294117647058,
  "loomwnobkuxtdthg": 82.35294117647058,
  "dotbtnadtpnczlfn": 82.35294117647058,
  "dvtehseiwzpbicrd": 82.35294117647058,
  "dyoagubutvlcpodc": 82.35294117647058,
  "ntpisavtttljhwnn": 82.35294117647058,
  "etfuehienhexdayo": 82.35294117647058,
  "dazftdbegnrenohv": 82.14285714285714,
  "bpniltiutytewsod": 82.05128205128204,
  "uqbhyetfeivpltew": 82,
  "ndwoatfxetqadngt": 82,
  "lhletwfnmdurebth": 82,
  "otogeoihttnubrpf": 82,
  "iributxrnnowtpwf": 82,
  "hmqvoiwntotiadab": 81.94444444444444,
  "ntnlbetfxgnivhot": 81.81818181818183,
  "eebntetvnfiaiuqh": 81.81818181818183,
  "dmetrfajhmdewpad": 81.81818181818183,
  "hqbefgtudavtrthc": 81.81818181818183,
  "togzbehamdngpvqy": 81.81818181818183,
  "ottaogxeinzesmtm": 81.81818181818183,
  "epetgevmbntneifr": 81.69014084507043,
  "tintvpuvxebierpt": 81.66666666666667,
  "lnsqofbstdnttweg": 81.66666666666667,
  "tfttiwirhwogqbod": 81.66666666666667,
  "aezesxtotnterdon": 81.66666666666667,
  "ebypnvynencaarlp": 81.66666666666667,
  "beieuhhqspvstnag": 81.66666666666667,
  "entuojgoyaplyntc": 81.53846153846153,
  "hirteotqeifenvae": 81.53846153846153,
  "owfhuoeillyaeqyo": 81.48148148148148,
  "oivjnwdlutcowpta": 81.48148148148148,
  "vuuptebenkvtonat": 81.48148148148148,
  "fjnhaptvwiteielm": 81.35593220338984,
  "eerbcnlnwovptqve": 81.35593220338984,
  "nhpoivbontehruwe": 81.35593220338984,
  "ttkdtnotnuterbve": 81.25,
  "hveetiltfqtnodan": 81.25,
  "skretbzoncdtleen": 81.25,
  "wtnsyspaqbgteell": 81.25,
  "eorhtdnpebpeywtz": 81.25,
  "dsntsvsazbpwwtix": 81.15942028985508,
  "faxewicdtjtthone": 81.15942028985508,
  "pveeynegoylrbhvw": 81.15942028985508,
  "etattpnmpgnrztur": 81.13207547169812,
  "eephitvtmllepwon": 81.13207547169812,
  "fyytjnvnwlopeohw": 81.13207547169812,
  "tohnmiebtvekince": 81.13207547169812,
  "uhilaactfeydubyh": 81.03448275862068,
  "ecyehxnnodrubomk": 81.03448275862068,
  "owneddednbgfvqwp": 81.03448275862068,
  "sdsvszpauvtgeedo": 81.03448275862068,
  "vhnohoteimivhfqu": 81.03448275862068,
  "liurheubnoyfcwov": 80.88235294117648,
  "ectrevpfwmatwrnr": 80.88235294117648,
  "tbodlsneftqvagts": 80.76923076923077,
  "qubttwolnhnyladh": 80.72289156626506,
  "hrcpydooifoahwle": 80.72289156626506,
  "nhciwoheybnxdtke": 80.7017543859649,
  "nyovzhtiuyandhfd": 80.7017543859649,
  "bhwtrliztgemepvi": 80.64516129032258,
  "mnwsashibdthrkvc": 80.59701492537313,
  "hubzlgddenpswohy": 80.51948051948052,
  "ypchnnlnbatttmrt": 80.3921568627451,
  "trovroothitarifc": 80.3921568627451,
  "gisovftlnnhnteyr": 80.3921568627451,
  "owrihlowjwnxlace": 80.3921568627451,
  "toenfnwdonxiyplh": 80.3921568627451,
  "hnmtknsmpteddbnt": 80.35714285714286,
  "twoloontqtrrgdcf": 80.35714285714286,
  "stqrockndndnmwag": 80.35714285714286,
  "atbeoegdettazeit": 80.35714285714286,
  "seotstnknbmdrleh": 80.32786885245902,
  "naovhntttwoigiaf": 80.32786885245902,
  "rtstnqgsvtopeudl": 80.3030303030303,
  "enacgqpsvclibtht": 80.28169014084507,
  "rhnndoofvwtluemr": 80.20833333333334,
  "swoollibspttrnnl": 79.71014492753623,
  "anlbwcknwliditrt": 79.62962962962963,
  "unaojyxytakewgtn": 79.62962962962963,
  "banvteehexihiits": 79.26829268292683,
  "ecnozeeeahlomdfh": 78.84615384615384,
  "tfyenrhruuayzene": 78.57142857142857,
  "ylnvoyeeroohpipi": 78.33333333333333,
  "ogntofjsorxnttie": 78,
  "othtbnudotngmefe": 77.64705882352942,
  "spinstbnztutrdwr": 76.5625,
}