{
  "rtnosalwpgeftohe": 68.52589641434263,
  "yhtderaesebfuhhs": 65.80882352941177,
  "rfeltalhyopegosn": 65.67164179104478,
  "sebmtaelrdtnspmw": 64.47876447876449,
  "wachmrtfstednnoe": 64.4,
  "wsldndenteothamo": 64.23076923076924,
  "bpescgithurnntos": 64.20664206642066,
  "ermpnaotdwldpehi": 63.84615384615384,
  "tnnjtmedrastlesu": 63.63636363636363,
  "etueerophnodsbat": 63.42412451361867,
  "hskztcrsutaedbst": 63.35616438356164,
  "oohtrfaeidertpsn": 63.25878594249201,
  "rrstqdaeooplgtnd": 62.97709923664122,
  "srhiaedsaenttlct": 62.93436293436293,
  "rlswmebhwnagkstr": 62.845849802371546,
  "tpamsnecoebtdwdr": 62.64150943396226,
  "swstledoyarpttmt": 62.57309941520468,
  "opdiataeryslthls": 62.4,
  "epseeamtwrlsyrot": 62.3574144486692,
  "htresrintcaeropm": 62.31884057971014,
  "xhnnzoseratetfcy": 62.27106227106227,
  "thuxosepnreljutt": 62.20472440944882,
  "nsotutdrenigslhn": 62.15139442231076,
  "cndnramesefltvoi": 62.04379562043796,
  "nrhvbetmpsareete": 62.03007518796993,
  "ynmauoodatesrent": 62,
  "ssbvhatiwlrexman": 61.940298507462686,
  "mtnaeafsdlttoosc": 61.886792452830186,
  "opvrntaeteskqadt": 61.86770428015564,
  "zeeperismtwhdsat": 61.85185185185185,
  "wafltsebaeltdnhu": 61.832061068702295,
  "sensxtemsaldercm": 61.80758017492711,
  "rensatedmsegtbhq": 61.774744027303754,
  "ktmdaveobershtuh": 61.75298804780876,
  "zplsoneedirhefto": 61.71875,
  "sodbtnadetuetlos": 61.6600790513834,
  "rsnsyotedickwnae": 61.648745519713266,
  "drtseoevmbnewimp": 61.61971830985915,
  "vsonitemmrvznacs": 61.417322834645674,
  "aihedtstbahpmere": 61.38996138996139,
  "llrotsatdnoeomeb": 61.328125,
  "ywlzmaonterdfits": 61.254612546125465,
  "ndrhteothosewpoe": 61.240310077519375,
  "tptrebocmranetet": 61.1764705882353,
  "wtgrpodaeoesnltn": 61.13207547169811,
  "ctesvonrswaordib": 61.06870229007634,
  "psweoldesaedthfe": 61.04868913857678,
  "ttohrtwesaesuflh": 60.967741935483865,
  "uisqdehhedatjper": 60.95617529880478,
  "yhnamswhratadeds": 60.91954022988506,
  "eariuetosdsnfjec": 60.91549295774647,
  "diwcsnooertsawly": 60.84142394822006,
  "trnescapertehxsj": 60.53639846743295,
  "nhtrheabenyssdon": 60.36363636363637,
  "enlndeipnstchnor": 60.2996254681648,
  "rsnetedyobarofom": 60.223048327137555,
  "otiasrdphoeiunth": 60,
  "efoolrdetaoghtse": 59.77859778597786,
  "rtehgesttnoproog": 59.683794466403164,
  "isurrthbsaeeiptk": 59.53177257525084,
  "yorsratbciesheak": 59.30232558139535,
  "itoeshrgeauoentf": 59.06040268456376,
  "ronsgevotatoorin": 59.055118110236215,
  "etopbgasneltufti": 58.54545454545455,
}