{
  "toestrrtqesereas": 5.248484848484848,
  "teenritserstbfer": 5.244,
  "taocseristsdrelb": 5.198895027624309,
  "serjneroetrerstf": 5.169590643274854,
  "notiqerersvseote": 5.132780082987552,
  "respqitotniseeev": 5.129310344827586,
  "nisdtqteoecsaarz": 5.095541401273885,
  "esaeemtrrsteurer": 5.088803088803089,
  "bisrnetedrsvzeop": 5.077586206896552,
  "tnolerespsssoern": 5.067873303167421,
  "retseietrsrbthcf": 5.057591623036649,
  "gdetcererarmsqbl": 5.05188679245283,
  "nrseeneestitdsos": 5.0344827586206895,
  "teremnseetttbset": 5.024539877300613,
}