{
  "lltrieissrntsteb": 5.215909090909091,
  "ltepssarretemwit": 5.2125,
  "pesnetiorrsscaeo": 5.192612137203167,
  "dtsieeessrttjnlm": 5.184931506849315,
  "esliresnatlegbtm": 5.126153846153846,
  "saoectrseeigdsnr": 5.124605678233438,
  "oopeeenqttiedesr": 5.103092783505154,
  "kneleitrsrsiathw": 5.064615384615385,
  "stasdethtbreynrs": 5.06425702811245,
}