{
  "entsoiesrtrepave": 5.1469194312796205,
  "rssdretbgirsntet": 5.118279569892473,
  "etponrtrreedxsva": 5.1037344398340245,
  "qjfxircaetedtrst": 5.096446700507614,
  "nstneeesmrteeblt": 5.080188679245283,
  "aseentteheestpro": 5.072992700729927,
  "needetrercsiasot": 5.040677966101695,
  "asqotenraeievsrt": 5.027863777089784,
}