{
  "dcioeseetrnsraiq": 5.366925064599483,
  "osnbeiteteresris": 5.26241134751773,
  "xeitcnsorenttsse": 5.203921568627451,
  "uorhpietnsrsieea": 5.2,
  "rtsjaeredreipntm": 5.195965417867435,
  "erstheerhtaiotqc": 5.1923076923076925,
  "qottdeessrtelerw": 5.176744186046512,
  "desufrrpeeoentst": 5.170868347338936,
  "nasoiatsltneoers": 5.17005076142132,
  "baesurirosedittu": 5.162907268170426,
  "uosuniretetpster": 5.161290322580645,
  "eshriteertnnsait": 5.1580381471389645,
  "qeetinrsoseenyst": 5.14468085106383,
  "serasdntietujnrl": 5.137037037037037,
  "cstspresloideser": 5.124579124579125,
  "esdtreintrecrass": 5.111111111111111,
  "ieinettssrreabgd": 5.096774193548387,
  "amseouttstrlrees": 5.0664206642066425,
  "bstaresrdeeoudah": 5.046321525885559,
  "oaticeretcsrmion": 5.023529411764706,
  "esinnnesettrubln": 5.0120481927710845,
}