{
  "areiersnpseeltcr": 5.216216216216216,
  "enslaciesrtsotes": 5.1992409867172675,
  "pensrertetsjtlte": 5.15,
  "vscaeqensirtareo": 5.13215859030837,
  "stedeatftriebtsu": 5.123626373626373,
  "tticerrejqstkien": 5.10077519379845,
  "tiosnretetroesew": 5.076411960132891,
}